Test:,2020-08-04 21:50:32.593057,, , 
timestamp,temp_humidity,temp_pressure,humidity,pressure
2020-08-04 21:50:32.602960,39.232940673828125,38.383331298828125,31.040578842163086,960.02392578125
2020-08-04 21:55:32.715428,38.7844123840332,38.022918701171875,31.111316680908203,960.040283203125
2020-08-04 22:00:32.823593,38.33588409423828,37.62291717529297,31.260236740112305,960.026123046875
2020-08-04 22:05:32.931579,38.389705657958984,37.545833587646484,30.731569290161133,960.043701171875
2020-08-04 22:10:32.955623,38.0308837890625,37.34791564941406,32.24683380126953,960.034423828125
2020-08-04 22:15:32.974386,38.0308837890625,37.36458206176758,32.42181396484375,960.073486328125
2020-08-04 22:20:32.984591,37.92323303222656,37.16041564941406,31.945270538330078,960.003173828125
2020-08-04 22:25:32.997626,38.048824310302734,37.34166717529297,31.36075782775879,959.948486328125
2020-08-04 22:30:33.025340,37.97705841064453,37.227081298828125,32.1723747253418,959.931640625
2020-08-04 22:35:33.077973,37.76176452636719,37.08124923706055,31.88197898864746,959.9287109375
2020-08-04 22:40:33.187061,37.86941146850586,37.11458206176758,31.699552536010742,959.905517578125
2020-08-04 22:45:33.274786,37.815589904785156,37.087501525878906,32.1351432800293,959.837646484375
2020-08-04 22:50:33.383992,37.83353042602539,37.047916412353516,32.1202507019043,959.801025390625
2020-08-04 22:55:33.493127,37.76176452636719,37.07291793823242,32.09419250488281,959.722900390625
2020-08-04 23:00:33.602478,37.654117584228516,37.00208282470703,32.1053581237793,959.742919921875
2020-08-04 23:05:33.711728,37.63617706298828,36.94791793823242,32.4329833984375,959.6708984375
2020-08-04 23:10:33.820769,37.43882369995117,36.662498474121094,32.7978401184082,959.62939453125
2020-08-04 23:15:33.929809,37.3311767578125,36.70624923706055,32.64891815185547,959.639892578125
2020-08-04 23:20:33.954632,37.22352981567383,36.568748474121094,32.22449493408203,959.598388671875
2020-08-04 23:25:34.063965,36.82882308959961,36.21458435058594,32.7829475402832,959.592041015625
2020-08-04 23:30:34.092669,36.54176330566406,36.047916412353516,32.48138427734375,959.48486328125
2020-08-04 23:35:34.202336,36.34441375732422,35.69166564941406,33.21481704711914,959.44287109375
2020-08-04 23:40:34.234606,35.967647552490234,35.43958282470703,33.71742248535156,959.442138671875
2020-08-04 23:45:34.345624,36.20088195800781,35.5625,33.8365592956543,959.456298828125
2020-08-04 23:50:34.454752,35.734413146972656,35.21458435058594,32.99888229370117,959.48193359375
2020-08-04 23:55:34.563721,35.75235366821289,35.23125076293945,34.39128494262695,959.48876953125
2020-08-05 00:00:34.673083,35.75235366821289,35.275001525878906,34.190242767333984,959.5439453125
2020-08-05 00:05:34.782583,35.78823471069336,35.193748474121094,34.011539459228516,959.5478515625
2020-08-05 00:10:34.891780,35.17823791503906,34.84583282470703,33.73603820800781,959.626953125
2020-08-05 00:15:35.001017,35.44735336303711,35.01041793823242,33.88867950439453,959.62109375
2020-08-05 00:20:35.111249,35.66264724731445,35.06041717529297,34.28704071044922,959.50830078125
2020-08-05 00:25:35.198303,35.716468811035156,35.22916793823242,34.249813079833984,959.52734375
2020-08-05 00:30:35.284354,36.23676300048828,35.522918701171875,33.42330551147461,959.508056640625
2020-08-05 00:35:35.393581,35.824119567871094,35.30208206176758,33.94080352783203,959.49658203125
2020-08-05 00:40:35.454615,35.86000061035156,35.26250076293945,33.7844352722168,959.539794921875
2020-08-05 00:45:35.474473,35.98558807373047,35.34166717529297,33.36373519897461,959.59326171875
2020-08-05 00:50:35.483861,36.18294143676758,35.61249923706055,33.523826599121094,959.556396484375
2020-08-05 00:55:35.584740,36.36235427856445,35.68333435058594,32.64891815185547,959.596923828125
2020-08-05 01:00:35.693896,36.38029479980469,35.733333587646484,33.34884262084961,959.640625
2020-08-05 01:05:35.801984,36.32646942138672,35.6875,33.19620132446289,959.66650390625
2020-08-05 01:10:35.911001,36.38029479980469,35.76041793823242,33.069618225097656,959.653564453125
2020-08-05 01:15:36.019118,36.505882263183594,35.79166793823242,33.00632858276367,959.6474609375
2020-08-05 01:20:36.127142,36.59558868408203,35.829166412353516,33.8440055847168,959.6484375
2020-08-05 01:25:36.234759,36.452056884765625,35.81458282470703,32.91697692871094,959.688232421875
2020-08-05 01:30:36.258016,36.55970764160156,35.775001525878906,32.78667068481445,959.7353515625
2020-08-05 01:35:36.367114,36.39823532104492,35.75416564941406,32.66753387451172,959.667236328125
2020-08-05 01:40:36.376899,36.434120178222656,35.724998474121094,32.66008758544922,959.62353515625
2020-08-05 01:45:36.461457,36.32646942138672,35.62916564941406,32.45904541015625,959.64892578125
2020-08-05 01:50:36.472888,36.272647857666016,35.66041564941406,33.456809997558594,959.59130859375
2020-08-05 01:55:36.492252,36.308528900146484,35.679168701171875,33.02494430541992,959.58642578125
2020-08-05 02:00:36.601357,36.29058837890625,35.64374923706055,32.529781341552734,959.59375
2020-08-05 02:05:36.710271,36.23676300048828,35.585418701171875,33.40468978881836,959.568359375
2020-08-05 02:10:36.819383,36.20088195800781,35.491668701171875,32.574459075927734,959.59765625
2020-08-05 02:15:36.930296,36.09323501586914,35.52916717529297,33.37490463256836,959.640869140625
2020-08-05 02:20:37.041174,36.09323501586914,35.485416412353516,32.65264129638672,959.6435546875
2020-08-05 02:25:37.069246,36.21882629394531,35.58124923706055,32.7680549621582,959.652099609375
2020-08-05 02:30:37.180420,35.967647552490234,35.34166717529297,33.7993278503418,959.632080078125
2020-08-05 02:35:37.200097,35.393531799316406,34.849998474121094,33.94452667236328,959.635498046875
2020-08-05 02:40:37.309236,35.21411895751953,34.63750076293945,33.57594680786133,959.6640625
2020-08-05 02:45:37.419425,35.770294189453125,34.99791717529297,33.73603820800781,959.58447265625
2020-08-05 02:50:37.528370,35.89588165283203,35.212501525878906,33.71742248535156,959.555908203125
2020-08-05 02:55:37.637340,35.41147232055664,34.94791793823242,32.80156326293945,959.509521484375
2020-08-05 03:00:37.746424,35.68058776855469,35.09375,33.43075180053711,959.3818359375
2020-08-05 03:05:37.855667,35.75235366821289,35.162498474121094,33.8142204284668,959.316650390625
2020-08-05 03:10:37.969458,36.111175537109375,35.397918701171875,33.87751007080078,959.34619140625
2020-08-05 03:15:37.995955,36.165000915527344,35.508331298828125,33.23343276977539,959.281494140625
2020-08-05 03:20:38.104202,36.18294143676758,35.46666717529297,32.06440734863281,959.33349609375
2020-08-05 03:25:38.124661,35.86000061035156,35.18333435058594,34.037601470947266,959.319580078125
2020-08-05 03:30:38.232804,35.572940826416016,35.0625,33.22226333618164,959.396484375
2020-08-05 03:35:38.317609,35.824119567871094,35.08958435058594,33.996646881103516,959.483154296875
2020-08-05 03:40:38.426800,34.40676498413086,33.945831298828125,34.908782958984375,959.309814453125
2020-08-05 03:45:38.535924,34.765586853027344,34.11458206176758,34.722633361816406,959.31982421875
2020-08-05 03:51:39.948891,35.05264663696289,34.50208282470703,33.94080352783203,959.3564453125
2020-08-05 03:56:39.973031,34.783531188964844,34.295833587646484,34.29821014404297,959.313232421875
2020-08-05 04:01:40.081252,34.675880432128906,34.23958206176758,33.93708038330078,959.31982421875
2020-08-05 04:06:40.189534,35.44735336303711,34.829166412353516,33.103126525878906,959.32666015625
2020-08-05 04:11:40.299542,35.806175231933594,35.170833587646484,33.56105422973633,959.31689453125
2020-08-05 04:16:40.407659,35.78823471069336,35.15625,33.43075180053711,959.296630859375
2020-08-05 04:21:40.515800,35.716468811035156,35.116668701171875,33.22598648071289,959.282958984375
2020-08-05 04:26:40.625156,34.98088073730469,34.368751525878906,33.512657165527344,959.29248046875
2020-08-05 04:31:40.646570,34.81941223144531,34.28541564941406,35.05398178100586,959.31640625
2020-08-05 04:36:40.757556,35.10647201538086,34.422916412353516,33.263214111328125,959.29443359375
2020-08-05 04:41:40.868575,34.4964714050293,34.014583587646484,33.35256576538086,959.197998046875
2020-08-05 04:46:40.959320,34.891178131103516,34.3125,32.95792770385742,959.262451171875
2020-08-05 04:51:40.985148,34.4964714050293,33.96875,32.4478759765625,959.119873046875
2020-08-05 04:56:40.995923,34.99882507324219,34.452083587646484,32.84623718261719,959.106689453125
2020-08-05 05:01:41.104306,35.35764694213867,34.70833206176758,32.74199295043945,959.064697265625
2020-08-05 05:06:41.154870,35.44735336303711,34.92708206176758,32.425537109375,959.0546875
2020-08-05 05:11:41.262971,35.68058776855469,34.97916793823242,31.90431785583496,959.1025390625
2020-08-05 05:16:41.274602,35.734413146972656,35.03333282470703,31.677213668823242,959.15625
2020-08-05 05:21:41.382597,35.05264663696289,34.45624923706055,32.66008758544922,959.205810546875
2020-08-05 05:26:41.391956,34.71176528930664,34.17499923706055,33.058448791503906,959.162841796875
2020-08-05 05:31:41.501092,34.46058654785156,33.81666564941406,32.74943923950195,959.041748046875
2020-08-05 05:36:41.609880,34.74764633178711,34.24583435058594,32.22449493408203,959.228515625
2020-08-05 05:41:41.719001,34.20941162109375,33.78333282470703,32.526058197021484,959.1240234375
2020-08-05 05:46:41.828214,33.47382354736328,32.95000076293945,33.92218780517578,959.164306640625
2020-08-05 05:51:41.848053,33.545589447021484,33.01250076293945,33.456809997558594,959.14990234375
2020-08-05 05:56:41.957442,33.95823669433594,33.46666717529297,33.8142204284668,959.147705078125
2020-08-05 06:01:42.066531,33.007354736328125,32.40833282470703,34.212581634521484,959.167724609375
2020-08-05 06:06:42.075818,34.083824157714844,33.51041793823242,33.22970962524414,959.115478515625
2020-08-05 06:11:42.184203,34.60411834716797,33.93333435058594,32.83506774902344,959.160400390625
2020-08-05 06:16:42.234625,35.070587158203125,34.39583206176758,31.330974578857422,959.330078125
2020-08-05 06:21:42.343968,35.232059478759766,34.712501525878906,32.26544952392578,959.3076171875
2020-08-05 06:26:42.453440,35.393531799316406,34.866668701171875,31.405433654785156,959.363525390625
2020-08-05 06:31:42.554638,35.50117492675781,34.945831298828125,31.412879943847656,959.435302734375
2020-08-05 06:36:42.663813,35.393531799316406,34.80208206176758,31.193222045898438,959.4296875
2020-08-05 06:41:42.676473,35.66264724731445,35.01874923706055,31.427772521972656,959.423095703125
2020-08-05 06:46:42.703334,35.770294189453125,35.202083587646484,31.036855697631836,959.423583984375
2020-08-05 06:51:42.812687,35.98558807373047,35.32500076293945,30.44489860534668,959.4345703125
                                                                                                   Test:,2020-08-05 17:15:30.613009,, , 
timestamp,temp_humidity,temp_pressure,humidity,pressure
Test:,2020-08-05 17:16:18.084126,, , 
timestamp,temp_humidity,temp_pressure,humidity,pressure
Test:,2020-08-05 17:16:39.799741,, , 
timestamp,temp_humidity,temp_pressure,humidity,pressure
Test:,2020-08-05 17:19:30.888398,, , 
timestamp,temp_humidity,temp_pressure,humidity,pressure
Test:,2020-08-05 17:20:05.992875,, , 
timestamp,temp_humidity,temp_pressure,humidity,pressure
2020-08-05 17:20:05.993750,39.64558792114258,38.641666412353516,33.091957092285156,957.972412109375
Test:,2020-08-05 17:20:26.352328,, , 
timestamp,temp_humidity,temp_pressure,humidity,pressure
2020-08-05 17:20:26.353192,39.75323486328125,38.76874923706055,31.967609405517578,957.962890625
2020-08-05 17:20:27.384697,39.66352844238281,38.78125,33.534996032714844,957.9765625
2020-08-05 17:20:28.423325,39.69940948486328,38.78333282470703,33.66157531738281,957.971923828125
2020-08-05 17:20:29.462577,39.77117919921875,38.795833587646484,33.20364761352539,957.961669921875
2020-08-05 17:20:30.500826,39.66352844238281,38.797916412353516,32.7531623840332,957.982666015625
2020-08-05 17:20:31.540525,39.77117919921875,38.795833587646484,33.40468978881836,957.977783203125
2020-08-05 17:20:32.579494,39.77117919921875,38.81041717529297,33.557334899902344,957.968994140625
2020-08-05 17:20:33.619424,39.75323486328125,38.818748474121094,33.56477737426758,957.998779296875
2020-08-05 17:20:34.657906,39.78911590576172,38.818748474121094,33.16641616821289,957.98828125
2020-08-05 17:20:35.695839,39.80706024169922,38.827083587646484,32.455322265625,957.989013671875
2020-08-05 17:20:36.736490,39.735294342041016,38.83124923706055,33.64296340942383,957.976318359375
2020-08-05 17:20:37.776896,39.80706024169922,38.84166717529297,32.99143600463867,957.971435546875
2020-08-05 17:20:38.815284,39.71735382080078,38.84375,32.93186569213867,957.9833984375
2020-08-05 17:20:39.854670,39.69940948486328,38.858333587646484,33.508934020996094,957.99365234375
2020-08-05 17:20:40.895911,39.77117919921875,38.86458206176758,32.83879089355469,957.9912109375
2020-08-05 17:20:41.936331,39.71735382080078,38.868751525878906,33.43447494506836,958.00048828125
2020-08-05 17:20:42.980368,39.71735382080078,38.875,34.927398681640625,957.995361328125
2020-08-05 17:20:44.021547,39.84294128417969,38.87291717529297,32.604244232177734,957.967529296875
2020-08-05 17:20:45.061305,39.82500076293945,38.87916564941406,32.85368347167969,957.9912109375
2020-08-05 17:20:46.102063,39.82500076293945,38.89374923706055,32.43670654296875,957.97412109375
2020-08-05 17:20:47.145639,39.86088562011719,38.891666412353516,32.69359588623047,957.987060546875
2020-08-05 17:20:48.186235,39.84294128417969,38.89374923706055,32.92442321777344,957.984619140625
2020-08-05 17:20:49.227387,39.78911590576172,38.900001525878906,32.74943923950195,957.970947265625
2020-08-05 17:20:50.268664,39.77117919921875,38.90833282470703,32.68987274169922,957.960205078125
2020-08-05 17:20:51.307206,39.80706024169922,38.91041564941406,32.47021484375,957.975341796875
2020-08-05 17:20:52.345481,39.878822326660156,38.91875076293945,32.533504486083984,957.95263671875
2020-08-05 17:20:53.384994,40.0402946472168,38.920833587646484,32.615413665771484,957.99072265625
2020-08-05 17:20:54.429114,39.82500076293945,38.93333435058594,32.98398971557617,957.970703125
2020-08-05 17:20:55.467596,39.86088562011719,38.92916488647461,32.63774871826172,958.004150390625
2020-08-05 17:20:56.506388,39.77117919921875,38.92499923706055,33.21481704711914,957.99169921875
2020-08-05 17:20:57.547721,39.80706024169922,38.922916412353516,33.21109390258789,957.9794921875
2020-08-05 17:20:58.589598,39.986473083496094,38.94166564941406,33.00260543823242,957.990966796875
2020-08-05 17:20:59.637325,39.896766662597656,38.952083587646484,32.94303512573242,957.999267578125
2020-08-05 17:21:00.675814,39.84294128417969,38.96041488647461,32.7680549621582,957.980224609375
2020-08-05 17:21:01.716781,39.82500076293945,38.96875,32.615413665771484,958.00146484375
2020-08-05 17:21:02.756572,39.932647705078125,38.97708511352539,32.70848846435547,957.966552734375
2020-08-05 17:21:03.793699,39.896766662597656,38.97083282470703,32.67870330810547,957.982421875
2020-08-05 17:21:04.837669,40.00440979003906,38.97708511352539,33.039833068847656,957.984130859375
2020-08-05 17:21:05.876147,39.84294128417969,38.983333587646484,32.89463806152344,958.00146484375
2020-08-05 17:21:06.916014,39.91470718383789,38.99791717529297,32.76433181762695,957.9990234375
2020-08-05 17:21:07.956309,39.71735382080078,39.0,32.45159912109375,958.002197265625
2020-08-05 17:21:08.997541,39.86088562011719,38.99166488647461,32.485107421875,957.98583984375
2020-08-05 17:21:10.044020,40.00440979003906,39.0,32.04951477050781,957.99462890625
2020-08-05 17:21:11.087787,39.968528747558594,39.00208282470703,32.87602233886719,958.001953125
2020-08-05 17:21:12.129989,40.05823516845703,38.99583435058594,32.86485290527344,957.99169921875
2020-08-05 17:21:13.170227,39.86088562011719,38.99583435058594,32.94303512573242,957.978759765625
2020-08-05 17:21:14.211275,39.932647705078125,38.99791717529297,32.67870330810547,957.9892578125
2020-08-05 17:21:15.261053,39.986473083496094,39.00208282470703,31.498510360717773,957.986328125
2020-08-05 17:21:16.301508,39.968528747558594,38.99791717529297,32.24311065673828,957.994140625
2020-08-05 17:21:17.340720,39.932647705078125,39.014583587646484,32.567012786865234,957.964599609375
2020-08-05 17:22:19.452063,40.0941162109375,39.09583282470703,32.5,957.988525390625
2020-08-05 17:22:20.491797,40.00440979003906,39.099998474121094,32.83134460449219,957.998779296875
2020-08-05 17:22:21.532374,40.00440979003906,39.09375,32.72338104248047,958.002197265625
2020-08-05 17:22:22.575390,40.0941162109375,39.09583282470703,32.97282028198242,957.987548828125
2020-08-05 17:22:23.616470,39.968528747558594,39.09375,32.310123443603516,958.011474609375
2020-08-05 17:22:24.659227,39.878822326660156,39.099998474121094,32.4180908203125,957.999755859375
2020-08-05 17:22:25.700510,40.00440979003906,39.09583282470703,32.615413665771484,957.9833984375
2020-08-05 17:22:26.740916,39.896766662597656,39.09375,32.4776611328125,957.999755859375
2020-08-05 17:22:27.782288,39.968528747558594,39.09375,32.21704864501953,957.9912109375
2020-08-05 17:22:28.824581,39.986473083496094,39.09375,31.960163116455078,957.983154296875
2020-08-05 17:22:29.864354,39.91470718383789,39.10416793823242,32.97282028198242,957.97998046875
2020-08-05 17:22:30.905072,40.130001068115234,39.09791564941406,32.351078033447266,957.99951171875
2020-08-05 17:22:31.948401,40.07617950439453,39.10208511352539,32.4329833984375,958.001953125
2020-08-05 17:22:32.992394,40.05823516845703,39.09375,32.365970611572266,958.015869140625
2020-08-05 17:22:34.033212,40.14794158935547,39.09166717529297,32.4404296875,957.9873046875
2020-08-05 17:22:35.073950,39.968528747558594,39.10625076293945,32.88719177246094,958.001708984375
2020-08-05 17:22:36.114536,40.0402946472168,39.09791564941406,32.585628509521484,957.993896484375
2020-08-05 17:22:37.155182,39.986473083496094,39.10208511352539,32.85368347167969,957.999267578125
2020-08-05 17:22:38.200721,40.07617950439453,39.10208511352539,32.67498016357422,957.983154296875
2020-08-05 17:22:39.241358,39.84294128417969,39.10416793823242,32.01228332519531,957.999755859375
2020-08-05 17:22:40.281550,39.968528747558594,39.10625076293945,32.88346862792969,957.990234375
2020-08-05 17:22:41.327909,39.968528747558594,39.10416793823242,32.380863189697266,957.970947265625
2020-08-05 17:22:42.372884,39.932647705078125,39.10625076293945,32.518611907958984,957.9970703125
2020-08-05 17:22:43.418998,40.02235412597656,39.108333587646484,32.76433181762695,958.017333984375
2020-08-05 17:22:44.460138,39.986473083496094,39.099998474121094,32.403202056884766,957.999267578125
2020-08-05 17:22:45.504948,39.86088562011719,39.108333587646484,32.25800323486328,957.993896484375
2020-08-05 17:22:46.547096,40.07617950439453,39.10208511352539,33.326507568359375,958.002685546875
2020-08-05 17:22:47.585777,40.00440979003906,39.10625076293945,33.091957092285156,957.998046875
2020-08-05 17:22:48.634706,39.968528747558594,39.10416793823242,32.8127326965332,957.992431640625
2020-08-05 17:22:49.677143,40.02235412597656,39.10625076293945,32.4329833984375,957.98388671875
2020-08-05 17:22:50.719969,39.986473083496094,39.11249923706055,31.15971565246582,957.973876953125
2020-08-05 17:22:51.764454,39.932647705078125,39.10625076293945,32.50372314453125,958.008544921875
2020-08-05 17:22:52.806683,39.95058822631836,39.110416412353516,32.83134460449219,957.964111328125
2020-08-05 17:22:53.853459,39.986473083496094,39.10416793823242,32.48138427734375,957.964111328125
2020-08-05 17:22:54.895217,40.07617950439453,39.10625076293945,32.552120208740234,957.9814453125
2020-08-05 17:22:55.939031,39.95058822631836,39.11249923706055,32.42926025390625,957.967041015625
2020-08-05 17:22:56.981235,39.986473083496094,39.11666488647461,33.248321533203125,958.008544921875
2020-08-05 17:22:58.025183,40.07617950439453,39.11458206176758,31.818687438964844,957.991943359375
2020-08-05 17:22:59.071566,40.0402946472168,39.110416412353516,32.410648345947266,957.97412109375
2020-08-05 17:23:00.111581,40.02235412597656,39.11666488647461,32.310123443603516,958.008056640625
2020-08-05 17:23:01.151560,40.02235412597656,39.10625076293945,32.20215606689453,958.003173828125
2020-08-05 17:23:02.185566,40.0402946472168,39.12083435058594,32.72338104248047,958.016357421875
2020-08-05 17:23:03.230288,39.932647705078125,39.12083435058594,32.336185455322266,958.016845703125
2020-08-05 17:23:04.275085,40.0402946472168,39.12083435058594,32.425537109375,958.02685546875
2020-08-05 17:23:05.316349,39.986473083496094,39.118751525878906,31.948993682861328,957.995361328125
2020-08-05 17:23:06.353580,40.0402946472168,39.11458206176758,32.20587921142578,957.997314453125
2020-08-05 17:23:07.394769,40.02235412597656,39.12708282470703,32.347354888916016,958.01513671875
2020-08-05 17:23:08.434202,39.986473083496094,39.118751525878906,32.04206848144531,958.005859375
2020-08-05 17:23:09.480896,40.112060546875,39.118751525878906,32.62657928466797,957.9931640625
2020-08-05 17:23:10.519115,39.95058822631836,39.11666488647461,32.42926025390625,958.0087890625
2020-08-05 17:24:12.312053,40.02235412597656,39.13333511352539,30.288532257080078,957.998779296875
2020-08-05 17:24:13.357737,40.0941162109375,39.139583587646484,32.358524322509766,958.016357421875
2020-08-05 17:24:14.400905,39.932647705078125,39.13750076293945,32.455322265625,958.020751953125
2020-08-05 17:24:15.444984,39.968528747558594,39.13333511352539,32.533504486083984,957.9931640625
2020-08-05 17:24:16.489163,39.986473083496094,39.13333511352539,32.73454666137695,957.9921875
2020-08-05 17:24:17.531772,40.0402946472168,39.13333511352539,32.26172637939453,957.9873046875
2020-08-05 17:24:18.574114,40.0402946472168,39.12708282470703,31.963886260986328,958.015869140625
2020-08-05 17:24:19.616175,39.968528747558594,39.13541793823242,32.22821807861328,958.00048828125
2020-08-05 17:24:20.658365,40.05823516845703,39.12916564941406,32.13886642456055,957.99169921875
2020-08-05 17:24:21.700949,40.02235412597656,39.13333511352539,32.354801177978516,958.027099609375
2020-08-05 17:24:22.743083,39.896766662597656,39.131248474121094,32.1574821472168,958.015625
2020-08-05 17:24:23.786271,39.91470718383789,39.125,31.930377960205078,958.019287109375
2020-08-05 17:24:24.829488,40.00440979003906,39.13541793823242,32.19843673706055,957.99755859375
2020-08-05 17:24:25.874197,40.0402946472168,39.12916564941406,32.30640411376953,958.011474609375
2020-08-05 17:24:26.918572,39.986473083496094,39.13333511352539,31.621368408203125,957.993896484375
2020-08-05 17:24:27.961777,39.932647705078125,39.131248474121094,31.055471420288086,958.001708984375
2020-08-05 17:24:29.007910,40.00440979003906,39.12708282470703,32.20587921142578,958.004638671875
2020-08-05 17:24:30.053856,40.00440979003906,39.12916564941406,32.10908126831055,957.98828125
2020-08-05 17:24:31.101179,40.05823516845703,39.12916564941406,32.455322265625,958.007080078125
2020-08-05 17:24:32.143909,40.0402946472168,39.12083435058594,32.65264129638672,958.008056640625
2020-08-05 17:24:33.186492,39.986473083496094,39.12083435058594,32.596797943115234,958.01220703125
2020-08-05 17:24:34.228230,40.112060546875,39.12291717529297,31.989946365356445,958.003662109375
2020-08-05 17:24:35.270078,39.986473083496094,39.12916564941406,32.03089904785156,957.9931640625
2020-08-05 17:24:36.312817,40.05823516845703,39.118751525878906,32.94303512573242,957.988525390625
2020-08-05 17:24:37.359961,39.968528747558594,39.12916564941406,32.00856018066406,958.002685546875
2020-08-05 17:24:38.405833,39.986473083496094,39.118751525878906,32.42926025390625,957.99365234375
2020-08-05 17:24:39.450239,39.91470718383789,39.12916564941406,31.706998825073242,957.996337890625
2020-08-05 17:24:40.494847,40.0402946472168,39.118751525878906,32.567012786865234,958.004638671875
2020-08-05 17:24:41.541065,39.95058822631836,39.118751525878906,32.05696105957031,957.9921875
2020-08-05 17:24:42.585885,39.91470718383789,39.12083435058594,32.1500358581543,957.987548828125
2020-08-05 17:24:43.628723,40.0402946472168,39.11666488647461,32.14631271362305,958.01904296875
2020-08-05 17:24:44.666964,39.968528747558594,39.118751525878906,32.596797943115234,958.021484375
2020-08-05 17:24:45.710997,39.968528747558594,39.12083435058594,32.26544952392578,958.007568359375
2020-08-05 17:24:46.759488,40.02235412597656,39.11458206176758,32.529781341552734,958.02099609375
2020-08-05 17:24:47.804067,40.00440979003906,39.12291717529297,32.25428009033203,958.0234375
2020-08-05 17:24:48.851025,39.95058822631836,39.118751525878906,32.28778839111328,958.00732421875
2020-08-05 17:24:49.893555,40.02235412597656,39.12083435058594,32.581905364990234,958.011962890625
2020-08-05 17:24:50.938240,40.02235412597656,39.12083435058594,32.04951477050781,958.019775390625
2020-08-05 17:24:51.987595,39.968528747558594,39.11458206176758,32.18354415893555,958.01123046875
2020-08-05 17:24:53.029132,40.0941162109375,39.12708282470703,32.29151153564453,957.9833984375
2020-08-05 17:24:54.071642,40.0402946472168,39.11666488647461,32.4404296875,957.96728515625
2020-08-05 17:24:55.113015,40.05823516845703,39.11249923706055,32.21704864501953,957.998291015625
2020-08-05 17:24:56.157095,39.91470718383789,39.11458206176758,32.1947135925293,958.0068359375
2020-08-05 17:24:57.201112,40.07617950439453,39.12083435058594,32.87602233886719,957.99755859375
2020-08-05 17:24:58.243106,40.05823516845703,39.118751525878906,31.811243057250977,958.00537109375
2020-08-05 17:24:59.287255,39.986473083496094,39.11458206176758,32.30268096923828,957.997314453125
2020-08-05 17:25:00.328723,39.986473083496094,39.12083435058594,30.82464599609375,957.998046875
2020-08-05 17:25:01.370868,39.986473083496094,39.12291717529297,32.03462219238281,957.9892578125
2020-08-05 17:25:02.421638,40.0402946472168,39.12916564941406,32.10163497924805,957.997314453125
2020-08-05 17:25:03.465951,40.07617950439453,39.11666488647461,32.17609786987305,958.004150390625
Test:,2020-08-05 17:26:33.206261,, , 
timestamp,temp_humidity,temp_pressure,humidity,pressure
2020-08-05 17:26:33.207364,39.71735382080078,39.047916412353516,33.71742248535156,958.00439453125
2020-08-05 17:26:34.240084,39.878822326660156,39.05833435058594,32.24683380126953,958.004150390625
2020-08-05 17:26:35.278712,39.878822326660156,39.05416488647461,32.310123443603516,958.003173828125
2020-08-05 17:26:36.318176,39.82500076293945,39.056251525878906,32.24311065673828,958.009033203125
2020-08-05 17:26:37.359382,39.84294128417969,39.05833435058594,32.22449493408203,958.017822265625
2020-08-05 17:26:38.398477,39.896766662597656,39.05208206176758,31.826133728027344,958.00390625
2020-08-05 17:26:39.438576,39.91470718383789,39.05416488647461,32.77177810668945,958.009521484375
2020-08-05 17:26:40.473194,39.84294128417969,39.05416488647461,32.20960235595703,958.009765625
2020-08-05 17:26:41.515050,39.968528747558594,39.05833435058594,32.00856018066406,957.994384765625
2020-08-05 17:26:42.557784,39.968528747558594,39.056251525878906,32.08674621582031,957.995361328125
2020-08-05 17:26:43.603878,39.968528747558594,39.05833435058594,32.23194122314453,958.012451171875
2020-08-05 17:26:44.648139,39.932647705078125,39.0625,32.24311065673828,958.001220703125
2020-08-05 17:26:45.692437,39.84294128417969,39.06041717529297,32.1128044128418,957.987548828125
2020-08-05 17:26:46.734021,39.968528747558594,39.056251525878906,31.811243057250977,957.97265625
2020-08-05 17:26:47.775380,39.968528747558594,39.056251525878906,32.13886642456055,957.9765625
2020-08-05 17:26:48.819998,40.00440979003906,39.05833435058594,30.94378089904785,957.987060546875
2020-08-05 17:26:49.865427,39.968528747558594,39.05833435058594,32.548397064208984,958.008056640625
2020-08-05 17:26:50.906456,39.896766662597656,39.05833435058594,32.574459075927734,958.017333984375
2020-08-05 17:26:51.948730,39.896766662597656,39.0625,32.09791564941406,957.96044921875
2020-08-05 17:26:52.988611,39.91470718383789,39.056251525878906,32.63402557373047,957.976318359375
2020-08-05 17:26:54.035731,40.00440979003906,39.05833435058594,30.99217987060547,957.999267578125
2020-08-05 17:26:55.081393,39.986473083496094,39.0625,32.19843673706055,958.006103515625
2020-08-05 17:26:56.122916,39.95058822631836,39.0625,32.28778839111328,957.977783203125
2020-08-05 17:26:57.163810,39.95058822631836,39.06666564941406,33.129188537597656,957.991943359375
2020-08-05 17:26:58.203161,39.932647705078125,39.06666564941406,31.762842178344727,958.008544921875
2020-08-05 17:28:00.336477,39.932647705078125,39.09791564941406,32.08674621582031,958.0224609375
2020-08-05 17:28:01.376587,40.0941162109375,39.09791564941406,32.1798210144043,958.025634765625
2020-08-05 17:28:02.417039,39.968528747558594,39.09791564941406,32.399478912353516,958.05322265625
2020-08-05 17:28:03.462523,40.02235412597656,39.09375,32.325016021728516,958.04345703125
2020-08-05 17:28:04.503292,40.112060546875,39.09375,32.09419250488281,958.040283203125
2020-08-05 17:28:05.545428,39.986473083496094,39.09166717529297,32.87229919433594,958.029541015625
2020-08-05 17:28:06.586605,40.00440979003906,39.099998474121094,33.94080352783203,958.03466796875
2020-08-05 17:28:07.627752,39.986473083496094,39.099998474121094,31.632537841796875,958.0205078125
2020-08-05 17:28:08.671071,39.896766662597656,39.09583282470703,31.74795150756836,958.021728515625
2020-08-05 17:28:09.713684,40.02235412597656,39.09375,32.09419250488281,957.98779296875
2020-08-05 17:28:10.759775,39.986473083496094,39.09791564941406,32.310123443603516,958.0107421875
2020-08-05 17:28:11.800981,39.91470718383789,39.09791564941406,31.35703468322754,958.028564453125
2020-08-05 17:28:12.844020,40.0402946472168,39.09791564941406,32.1351432800293,958.039306640625
2020-08-05 17:28:13.888395,40.07617950439453,39.09583282470703,31.90059471130371,958.040771484375
2020-08-05 17:28:14.936885,39.95058822631836,39.09791564941406,32.18354415893555,958.04052734375
2020-08-05 17:28:15.983850,40.05823516845703,39.09375,31.814964294433594,958.001220703125
2020-08-05 17:28:17.026207,40.02235412597656,39.08541488647461,32.23194122314453,958.013671875
2020-08-05 17:28:18.070125,39.91470718383789,39.09166717529297,32.392032623291016,958.016357421875
2020-08-05 17:28:19.113311,40.00440979003906,39.08541488647461,32.19843673706055,958.011962890625
2020-08-05 17:28:20.155579,39.968528747558594,39.09375,32.570735931396484,958.013671875
2020-08-05 17:28:21.199598,39.95058822631836,39.087501525878906,31.87080955505371,958.031005859375
2020-08-05 17:28:22.242111,39.95058822631836,39.099998474121094,32.90208435058594,958.0283203125
2020-08-05 17:28:23.282140,39.968528747558594,39.09375,32.03834533691406,958.055908203125
2020-08-05 17:28:24.323706,39.932647705078125,39.09791564941406,32.339908599853516,958.02880859375
2020-08-05 17:28:25.365840,39.986473083496094,39.09375,32.403202056884766,958.0166015625
2020-08-05 17:29:27.146368,40.130001068115234,39.09166717529297,31.785181045532227,957.99169921875
2020-08-05 17:29:28.187488,39.878822326660156,39.09375,32.68987274169922,957.997802734375
2020-08-05 17:29:29.229203,40.00440979003906,39.087501525878906,33.00260543823242,958.008056640625
2020-08-05 17:29:30.272004,39.986473083496094,39.10416793823242,32.328739166259766,958.002197265625
2020-08-05 17:29:31.313136,39.932647705078125,39.09791564941406,32.4478759765625,958.0107421875
2020-08-05 17:29:32.359603,39.986473083496094,39.09583282470703,32.48138427734375,958.007568359375
2020-08-05 17:29:33.401830,39.968528747558594,39.099998474121094,32.425537109375,958.002685546875
2020-08-05 17:29:34.444033,39.968528747558594,39.09583282470703,31.766565322875977,958.007080078125
2020-08-05 17:29:35.486142,40.0941162109375,39.09375,32.01600646972656,958.005126953125
2020-08-05 17:29:36.529948,39.932647705078125,39.09583282470703,32.68614959716797,957.990478515625
2020-08-05 17:29:37.570779,40.05823516845703,39.09791564941406,32.41436767578125,957.978271484375
2020-08-05 17:29:38.614519,39.968528747558594,39.09583282470703,32.388309478759766,958.001220703125
2020-08-05 17:29:39.658878,40.0402946472168,39.09375,31.89687156677246,957.99365234375
2020-08-05 17:29:40.706524,39.986473083496094,39.099998474121094,32.7755012512207,958.021240234375
2020-08-05 17:29:41.751458,39.932647705078125,39.09791564941406,32.05696105957031,957.990966796875
2020-08-05 17:29:42.795415,39.932647705078125,39.09791564941406,32.20960235595703,958.002197265625
2020-08-05 17:29:43.840385,40.0402946472168,39.09375,32.03089904785156,957.998291015625
2020-08-05 17:29:44.896060,39.986473083496094,39.09166717529297,32.310123443603516,957.98876953125
2020-08-05 17:29:45.937563,39.986473083496094,39.09583282470703,33.38235092163086,958.001953125
2020-08-05 17:29:46.980979,39.86088562011719,39.08958435058594,32.336185455322266,957.99365234375
2020-08-05 17:29:48.023924,39.95058822631836,39.09375,32.589351654052734,958.009521484375
2020-08-05 17:29:49.068813,39.968528747558594,39.09166717529297,32.22449493408203,957.9833984375
2020-08-05 17:29:50.113990,39.91470718383789,39.10208511352539,32.7382698059082,957.98388671875
2020-08-05 17:29:51.156752,40.00440979003906,39.09791564941406,33.326507568359375,957.9853515625
2020-08-05 17:29:52.200328,40.05823516845703,39.09583282470703,32.09791564941406,958.0146484375
2020-08-05 17:30:54.008298,40.0941162109375,39.12291717529297,32.48883056640625,958.015380859375
2020-08-05 17:30:55.051006,39.986473083496094,39.12916564941406,32.1425895690918,958.01904296875
2020-08-05 17:30:56.094164,40.112060546875,39.125,32.67125701904297,958.01220703125
2020-08-05 17:30:57.137565,40.07617950439453,39.12708282470703,33.37862777709961,958.0126953125
2020-08-05 17:30:58.180068,40.1658821105957,39.131248474121094,32.61913299560547,958.004150390625
2020-08-05 17:30:59.227780,39.95058822631836,39.12708282470703,33.17758560180664,958.000732421875
2020-08-05 17:31:00.279297,39.968528747558594,39.125,33.8663444519043,958.005126953125
2020-08-05 17:31:01.325802,39.968528747558594,39.13333511352539,32.563289642333984,957.98876953125
2020-08-05 17:31:02.367960,39.968528747558594,39.11666488647461,32.581905364990234,958.0126953125
2020-08-05 17:31:03.411882,39.86088562011719,39.12916564941406,32.97282028198242,958.02685546875
2020-08-05 17:31:04.456316,40.05823516845703,39.131248474121094,32.455322265625,958.015869140625
2020-08-05 17:31:05.503253,40.02235412597656,39.12083435058594,32.76433181762695,958.0185546875
2020-08-05 17:31:06.544798,39.986473083496094,39.12708282470703,31.796350479125977,958.014892578125
2020-08-05 17:31:07.587107,40.05823516845703,39.131248474121094,32.607967376708984,958.001220703125
2020-08-05 17:31:08.635562,40.00440979003906,39.12291717529297,32.42926025390625,957.999267578125
2020-08-05 17:31:09.679566,39.968528747558594,39.131248474121094,31.919208526611328,958.00927734375
2020-08-05 17:31:10.731621,40.02235412597656,39.12916564941406,32.11652755737305,958.0185546875
2020-08-05 17:31:11.775950,39.95058822631836,39.12708282470703,33.047279357910156,958.01904296875
2020-08-05 17:31:12.818205,39.932647705078125,39.125,32.26172637939453,958.043212890625
2020-08-05 17:31:13.865761,40.0402946472168,39.125,32.310123443603516,958.020751953125
2020-08-05 17:31:14.908389,40.07617950439453,39.118751525878906,32.26544952392578,958.028564453125
2020-08-05 17:31:15.950454,39.896766662597656,39.12291717529297,32.93558883666992,958.0
2020-08-05 17:31:16.990036,39.968528747558594,39.12291717529297,32.13886642456055,958.012939453125
2020-08-05 17:31:18.033584,39.968528747558594,39.118751525878906,32.5,958.017822265625
2020-08-05 17:31:19.077519,40.0941162109375,39.125,32.518611907958984,958.015869140625
2020-08-05 17:32:20.911161,40.00440979003906,39.11666488647461,32.26172637939453,958.0224609375
2020-08-05 17:32:21.954163,39.968528747558594,39.108333587646484,32.310123443603516,958.010986328125
2020-08-05 17:32:22.995311,39.968528747558594,39.110416412353516,32.51116943359375,958.0283203125
2020-08-05 17:32:24.038666,39.95058822631836,39.110416412353516,32.42926025390625,958.022705078125
2020-08-05 17:32:25.082288,39.986473083496094,39.108333587646484,32.94303512573242,958.014892578125
2020-08-05 17:32:26.125417,39.91470718383789,39.11249923706055,32.28406524658203,958.030517578125
2020-08-05 17:32:27.169669,40.0402946472168,39.108333587646484,33.24087905883789,958.024658203125
2020-08-05 17:32:28.215507,39.968528747558594,39.10416793823242,32.21704864501953,958.024658203125
2020-08-05 17:32:29.259513,40.02235412597656,39.11458206176758,32.51116943359375,958.00927734375
2020-08-05 17:32:30.303334,39.986473083496094,39.10625076293945,32.384586334228516,957.995849609375
2020-08-05 17:32:31.352281,39.986473083496094,39.10416793823242,31.90804100036621,958.016845703125
2020-08-05 17:32:32.397400,39.968528747558594,39.10208511352539,32.22077178955078,958.000732421875
2020-08-05 17:32:33.441767,39.95058822631836,39.108333587646484,33.073341369628906,958.02783203125
2020-08-05 17:32:34.487281,39.932647705078125,39.110416412353516,32.67870330810547,958.013427734375
2020-08-05 17:32:35.531599,40.02235412597656,39.11249923706055,32.05323791503906,958.026611328125
2020-08-05 17:32:36.582162,40.112060546875,39.10208511352539,32.380863189697266,958.03662109375
2020-08-05 17:32:37.625008,39.95058822631836,39.10416793823242,32.1276969909668,958.023681640625
2020-08-05 17:32:38.670459,40.00440979003906,39.10625076293945,32.313846588134766,958.050048828125
2020-08-05 17:32:39.725189,40.05823516845703,39.10208511352539,32.68987274169922,958.0166015625
2020-08-05 17:32:40.769790,39.95058822631836,39.10416793823242,32.18354415893555,958.015869140625
2020-08-05 17:32:41.812615,39.91470718383789,39.108333587646484,32.1500358581543,958.024169921875
2020-08-05 17:32:42.856352,39.86088562011719,39.10416793823242,31.90431785583496,958.02294921875
2020-08-05 17:32:43.902265,39.968528747558594,39.10416793823242,32.41436767578125,957.9990234375
2020-08-05 17:32:44.952884,40.05823516845703,39.10625076293945,32.16865158081055,958.02978515625
2020-08-05 17:32:46.001416,39.968528747558594,39.10625076293945,32.46649169921875,958.03076171875
2020-08-05 17:33:47.823345,39.986473083496094,39.10416793823242,32.529781341552734,958.01904296875
2020-08-05 17:33:48.867861,39.91470718383789,39.110416412353516,33.036109924316406,957.98828125
2020-08-05 17:33:49.915928,39.91470718383789,39.10416793823242,32.406925201416016,958.00439453125
2020-08-05 17:33:50.956096,39.986473083496094,39.10416793823242,30.173118591308594,958.01025390625
2020-08-05 17:33:52.003083,40.00440979003906,39.10416793823242,32.02345275878906,958.024169921875
2020-08-05 17:33:53.051336,40.05823516845703,39.09583282470703,32.28406524658203,958.037109375
2020-08-05 17:33:54.096671,39.986473083496094,39.10208511352539,32.05323791503906,958.030517578125
2020-08-05 17:33:55.141622,39.986473083496094,39.09791564941406,32.75688552856445,958.032958984375
2020-08-05 17:33:56.186083,39.932647705078125,39.10208511352539,32.41436767578125,958.03955078125
2020-08-05 17:33:57.232550,40.05823516845703,39.099998474121094,32.384586334228516,958.030517578125
2020-08-05 17:33:58.279517,40.07617950439453,39.09791564941406,32.4404296875,958.02587890625
2020-08-05 17:33:59.324593,39.95058822631836,39.09166717529297,32.67498016357422,958.020751953125
2020-08-05 17:34:00.374247,40.05823516845703,39.09583282470703,32.388309478759766,958.04052734375
2020-08-05 17:34:01.418445,39.932647705078125,39.09791564941406,32.84251403808594,958.058349609375
2020-08-05 17:34:02.463593,40.0402946472168,39.09166717529297,32.92070007324219,958.04541015625
2020-08-05 17:34:03.510811,39.878822326660156,39.09166717529297,32.4925537109375,958.03857421875
2020-08-05 17:34:04.562041,40.0402946472168,39.09791564941406,32.4776611328125,958.04248046875
2020-08-05 17:34:05.607507,40.02235412597656,39.10208511352539,32.08302307128906,958.038330078125
2020-08-05 17:34:06.649931,39.932647705078125,39.10208511352539,32.73454666137695,958.03125
2020-08-05 17:34:07.695692,40.05823516845703,39.09375,32.21332550048828,958.0361328125
2020-08-05 17:34:08.738540,40.02235412597656,39.11249923706055,32.604244232177734,958.0244140625
2020-08-05 17:34:09.782572,40.14794158935547,39.10416793823242,32.26172637939453,958.04248046875
2020-08-05 17:34:10.832980,39.91470718383789,39.10208511352539,32.325016021728516,958.033447265625
2020-08-05 17:34:11.879472,40.00440979003906,39.099998474121094,32.48883056640625,958.033935546875
2020-08-05 17:34:12.922012,39.86088562011719,39.08333206176758,32.82762145996094,958.033447265625
2020-08-05 17:35:14.734145,39.968528747558594,39.07291793823242,32.343631744384766,958.0166015625
2020-08-05 17:35:15.779110,39.95058822631836,39.068748474121094,32.67125701904297,958.017578125
2020-08-05 17:35:16.826683,39.95058822631836,39.06458282470703,32.325016021728516,958.004150390625
2020-08-05 17:35:17.869061,39.986473083496094,39.05833435058594,32.75688552856445,958.0126953125
2020-08-05 17:35:18.915232,39.91470718383789,39.04375076293945,32.92070007324219,958.034423828125
2020-08-05 17:35:19.958549,39.878822326660156,39.03541564941406,33.15152359008789,958.03369140625
2020-08-05 17:35:21.004301,39.91470718383789,39.03125,32.11652755737305,958.025146484375
2020-08-05 17:35:22.048616,39.896766662597656,39.02291488647461,32.522335052490234,958.00244140625
2020-08-05 17:35:23.095239,39.86088562011719,39.03125,32.64519500732422,958.031494140625
2020-08-05 17:35:24.141501,39.82500076293945,39.03541564941406,32.514888763427734,958.008056640625
2020-08-05 17:35:25.186558,39.82500076293945,39.03958511352539,32.328739166259766,958.024169921875
2020-08-05 17:35:26.230091,39.86088562011719,39.03958511352539,32.71221160888672,958.041259765625
2020-08-05 17:35:27.273320,40.00440979003906,39.04375076293945,32.574459075927734,958.01513671875
2020-08-05 17:35:28.317929,39.896766662597656,39.047916412353516,32.574459075927734,958.031005859375
2020-08-05 17:35:29.361983,39.986473083496094,39.045833587646484,32.04579162597656,958.01611328125
2020-08-05 17:35:30.406502,39.80706024169922,39.04166793823242,32.48138427734375,958.0380859375
2020-08-05 17:35:31.450137,39.986473083496094,39.037498474121094,32.25800323486328,958.028564453125
2020-08-05 17:35:32.493945,39.932647705078125,39.04375076293945,32.70104217529297,958.048583984375
2020-08-05 17:35:33.539192,39.82500076293945,39.04166793823242,32.328739166259766,958.02294921875
2020-08-05 17:35:34.582333,39.896766662597656,39.04166793823242,32.09046936035156,958.038818359375
2020-08-05 17:35:35.626486,39.86088562011719,39.047916412353516,32.317569732666016,958.06640625
2020-08-05 17:35:36.667402,39.82500076293945,39.03958511352539,33.270660400390625,958.03564453125
2020-08-05 17:35:37.711779,39.91470718383789,39.047916412353516,32.30268096923828,958.029296875
2020-08-05 17:35:38.756494,40.05823516845703,39.047916412353516,32.347354888916016,958.01904296875
2020-08-05 17:35:39.800781,40.00440979003906,39.05208206176758,32.28034210205078,958.042724609375
Test:,2020-08-05 17:36:35.090679,, , 
timestamp,temp_humidity,temp_pressure,humidity,pressure
2020-08-05 17:36:35.092213,40.07617950439453,39.12083435058594,32.68614959716797,958.033447265625
2020-08-05 17:36:36.134803,40.02235412597656,39.12708282470703,33.01377487182617,958.03173828125
2020-08-05 17:36:37.178895,40.02235412597656,39.12291717529297,32.47021484375,958.03271484375
2020-08-05 17:36:38.222252,40.02235412597656,39.12916564941406,32.97654342651367,958.016357421875
2020-08-05 17:36:39.263177,40.130001068115234,39.12083435058594,32.15375900268555,958.021240234375
2020-08-05 17:36:40.310174,40.00440979003906,39.12916564941406,32.71221160888672,958.030029296875
2020-08-05 17:36:41.350330,39.95058822631836,39.13750076293945,33.121742248535156,958.040771484375
2020-08-05 17:36:42.388215,40.07617950439453,39.13541793823242,32.04579162597656,958.030029296875
2020-08-05 17:36:43.428049,40.112060546875,39.139583587646484,32.615413665771484,958.02392578125
2020-08-05 17:36:44.473022,40.05823516845703,39.14374923706055,32.83134460449219,958.034423828125
2020-08-05 17:36:45.517785,40.05823516845703,39.14374923706055,32.42181396484375,958.041748046875
2020-08-05 17:36:46.557164,39.968528747558594,39.13333511352539,32.62285614013672,958.033447265625
2020-08-05 17:36:47.599270,40.14794158935547,39.141666412353516,32.332462310791016,958.0458984375
2020-08-05 17:36:48.641899,39.95058822631836,39.141666412353516,33.02866744995117,958.030029296875
2020-08-05 17:36:49.682236,39.986473083496094,39.14583206176758,32.10908126831055,958.033203125
2020-08-05 17:36:50.722890,40.02235412597656,39.150001525878906,32.328739166259766,958.0439453125
2020-08-05 17:36:51.764028,40.0941162109375,39.15625,32.64519500732422,958.055419921875
2020-08-05 17:36:52.802979,40.0402946472168,39.15208435058594,33.43075180053711,958.052490234375
2020-08-05 17:36:53.844910,40.07617950439453,39.15416717529297,32.82390213012695,958.04296875
2020-08-05 17:36:54.889513,39.95058822631836,39.15625,32.343631744384766,958.0205078125
2020-08-05 17:36:55.926149,40.02235412597656,39.15416717529297,33.121742248535156,958.03466796875
2020-08-05 17:36:56.967808,40.05823516845703,39.16458511352539,32.28406524658203,958.06005859375
2020-08-05 17:36:58.009792,40.0941162109375,39.17499923706055,32.351078033447266,958.04345703125
2020-08-05 17:36:59.049791,40.02235412597656,39.170833587646484,32.328739166259766,958.063720703125
2020-08-05 17:37:00.096823,40.02235412597656,39.16666793823242,32.48883056640625,958.06640625
2020-08-05 17:38:02.237849,40.20176696777344,39.28125,33.40841293334961,958.05224609375
2020-08-05 17:38:03.271162,40.0941162109375,39.28125,32.7978401184082,958.04296875
2020-08-05 17:38:04.312506,40.14794158935547,39.27916717529297,32.70476531982422,958.045166015625
2020-08-05 17:38:05.357346,40.14794158935547,39.28333282470703,31.934101104736328,958.043701171875
Test:,2020-08-05 17:39:12.027621,, , 
timestamp,temp_humidity,temp_pressure,humidity,pressure
2020-08-05 17:39:12.028438,40.20176696777344,39.32083511352539,32.574459075927734,958.03466796875
2020-08-05 17:39:13.061267,40.18382263183594,39.32291793823242,32.64891815185547,958.054931640625
2020-08-05 17:39:14.100201,40.291473388671875,39.327083587646484,32.410648345947266,958.069580078125
2020-08-05 17:39:15.139341,40.219703674316406,39.33124923706055,33.304168701171875,958.060302734375
2020-08-05 17:39:16.165705,40.291473388671875,39.33541488647461,32.548397064208984,958.076416015625
2020-08-05 17:39:17.206218,40.291473388671875,39.32500076293945,32.455322265625,958.072509765625
2020-08-05 17:39:18.246382,40.25558853149414,39.329166412353516,32.79411697387695,958.070068359375
2020-08-05 17:39:19.286071,40.273529052734375,39.32500076293945,31.50223159790039,958.056640625
2020-08-05 17:39:20.326086,40.237648010253906,39.33333206176758,32.4329833984375,958.06689453125
2020-08-05 17:39:21.367440,40.1658821105957,39.329166412353516,32.373416900634766,958.063720703125
2020-08-05 17:39:22.412277,40.112060546875,39.34166717529297,33.110572814941406,958.03515625
2020-08-05 17:39:23.464250,40.25558853149414,39.33124923706055,32.26917266845703,958.02978515625
2020-08-05 17:39:24.502856,40.309410095214844,39.33958435058594,32.514888763427734,958.046630859375
2020-08-05 17:39:25.545689,40.219703674316406,39.34583282470703,32.89463806152344,958.0380859375
2020-08-05 17:39:26.586301,40.18382263183594,39.34791564941406,32.313846588134766,958.040283203125
2020-08-05 17:39:27.624751,40.219703674316406,39.34791564941406,32.09046936035156,958.040283203125
2020-08-05 17:39:28.668018,40.130001068115234,39.34791564941406,32.7531623840332,958.0400390625
2020-08-05 17:39:29.706749,40.273529052734375,39.349998474121094,32.96537399291992,958.05615234375
2020-08-05 17:39:30.743739,40.14794158935547,39.34583282470703,32.95048141479492,958.050537109375
2020-08-05 17:39:31.783881,40.25558853149414,39.35208511352539,32.4925537109375,958.03271484375
2020-08-05 17:39:32.823709,40.0402946472168,39.35208511352539,32.358524322509766,958.052978515625
2020-08-05 17:39:33.871018,40.291473388671875,39.35625076293945,32.02717590332031,958.0576171875
2020-08-05 17:39:34.910986,40.309410095214844,39.35625076293945,32.607967376708984,958.044921875
2020-08-05 17:39:35.949723,40.219703674316406,39.35208511352539,32.25055694580078,958.04296875
2020-08-05 17:39:36.992869,40.309410095214844,39.35416793823242,33.76210021972656,958.058349609375
2020-08-05 17:40:39.192056,40.34529495239258,39.41875076293945,32.42181396484375,958.052978515625
2020-08-05 17:40:40.233780,40.39911651611328,39.41875076293945,31.71444320678711,958.063232421875
2020-08-05 17:40:41.273949,40.219703674316406,39.41875076293945,32.313846588134766,958.075927734375
2020-08-05 17:40:42.321213,40.34529495239258,39.41666793823242,31.699552536010742,958.05029296875
2020-08-05 17:40:43.364713,40.34529495239258,39.420833587646484,32.351078033447266,958.06005859375
2020-08-05 17:40:44.406036,40.36323547363281,39.420833587646484,31.855918884277344,958.0390625
2020-08-05 17:40:45.453841,40.25558853149414,39.41458511352539,32.20587921142578,958.042724609375
2020-08-05 17:40:46.497828,40.327354431152344,39.420833587646484,32.362247467041016,958.05322265625
2020-08-05 17:40:47.538516,40.34529495239258,39.41875076293945,32.22449493408203,958.069091796875
2020-08-05 17:40:48.578307,40.327354431152344,39.41041564941406,31.72188949584961,958.091552734375
2020-08-05 17:40:49.625569,40.25558853149414,39.420833587646484,32.10163497924805,958.055908203125
2020-08-05 17:40:50.671614,40.25558853149414,39.420833587646484,31.88570213317871,958.06201171875
2020-08-05 17:40:51.713664,40.309410095214844,39.422916412353516,32.533504486083984,958.06396484375
2020-08-05 17:40:52.754958,40.45294189453125,39.42499923706055,32.354801177978516,958.0478515625
2020-08-05 17:40:53.797703,40.36323547363281,39.42916488647461,32.28406524658203,958.0517578125
2020-08-05 17:40:54.838807,40.291473388671875,39.42916488647461,32.25428009033203,958.056396484375
2020-08-05 17:40:55.884915,40.25558853149414,39.41666793823242,32.29523468017578,958.055419921875
2020-08-05 17:40:56.929260,40.273529052734375,39.42499923706055,31.948993682861328,958.0263671875
2020-08-05 17:40:57.973130,40.38117599487305,39.41458511352539,32.548397064208984,958.0498046875
2020-08-05 17:40:59.018221,40.291473388671875,39.41875076293945,31.937824249267578,958.03173828125
2020-08-05 17:41:00.061660,40.1658821105957,39.42916488647461,32.25800323486328,958.026611328125
2020-08-05 17:41:01.107350,40.273529052734375,39.422916412353516,31.952716827392578,958.05517578125
2020-08-05 17:41:02.143712,40.36323547363281,39.41875076293945,32.325016021728516,958.066650390625
2020-08-05 17:41:03.185867,40.219703674316406,39.41875076293945,32.25055694580078,958.059326171875
2020-08-05 17:41:04.229029,40.38117599487305,39.41666793823242,32.22077178955078,958.057373046875
2020-08-05 17:42:06.034316,40.291473388671875,39.39791488647461,32.1500358581543,958.050537109375
2020-08-05 17:42:07.076158,40.39911651611328,39.39791488647461,32.02717590332031,958.050537109375
2020-08-05 17:42:08.119137,40.273529052734375,39.39583206176758,32.514888763427734,958.039306640625
2020-08-05 17:42:09.166544,40.34529495239258,39.40416717529297,32.4180908203125,958.034912109375
2020-08-05 17:42:10.208630,40.273529052734375,39.391666412353516,32.1798210144043,958.041259765625
2020-08-05 17:42:11.249778,40.41706085205078,39.40416717529297,32.22449493408203,958.06787109375
2020-08-05 17:42:12.291483,40.327354431152344,39.389583587646484,32.369693756103516,958.057861328125
2020-08-05 17:42:13.334337,40.219703674316406,39.389583587646484,32.26917266845703,958.057861328125
2020-08-05 17:42:14.376735,40.309410095214844,39.389583587646484,31.975053787231445,958.065185546875
2020-08-05 17:42:15.421515,40.36323547363281,39.389583587646484,33.069618225097656,958.071044921875
2020-08-05 17:42:16.468115,40.327354431152344,39.391666412353516,32.17609786987305,958.062744140625
2020-08-05 17:42:17.509391,40.291473388671875,39.389583587646484,32.11652755737305,958.077392578125
2020-08-05 17:42:18.552644,40.34529495239258,39.389583587646484,31.796350479125977,958.064697265625
2020-08-05 17:42:19.596722,40.309410095214844,39.391666412353516,32.8127326965332,958.07373046875
2020-08-05 17:42:20.640350,40.327354431152344,39.391666412353516,32.526058197021484,958.08203125
2020-08-05 17:42:21.684982,40.273529052734375,39.38750076293945,32.25800323486328,958.060546875
2020-08-05 17:42:22.728052,40.327354431152344,39.391666412353516,32.03834533691406,958.04541015625
2020-08-05 17:42:23.770352,40.1658821105957,39.38750076293945,32.01228332519531,958.045166015625
2020-08-05 17:42:24.818678,40.219703674316406,39.39374923706055,32.25055694580078,958.04296875
2020-08-05 17:42:25.857771,40.237648010253906,39.381248474121094,32.1053581237793,958.052490234375
2020-08-05 17:42:26.900152,40.41706085205078,39.37916564941406,32.00856018066406,958.07080078125
2020-08-05 17:42:27.944903,40.14794158935547,39.38750076293945,32.30640411376953,958.064208984375
2020-08-05 17:42:28.990219,40.219703674316406,39.37916564941406,32.533504486083984,958.069091796875
2020-08-05 17:42:30.037044,40.309410095214844,39.375,32.321292877197266,958.05517578125
2020-08-05 17:42:31.080511,40.291473388671875,39.37916564941406,32.26544952392578,958.070068359375
2020-08-05 17:43:32.885961,40.05823516845703,39.327083587646484,32.63030242919922,958.04248046875
2020-08-05 17:43:33.929106,40.14794158935547,39.32083511352539,32.00483703613281,958.061767578125
2020-08-05 17:43:34.970859,40.20176696777344,39.33124923706055,32.04951477050781,958.0341796875
2020-08-05 17:43:36.014504,40.291473388671875,39.33124923706055,32.26544952392578,958.05322265625
2020-08-05 17:43:37.058120,40.14794158935547,39.33333206176758,32.1276969909668,958.05419921875
2020-08-05 17:43:38.100472,40.219703674316406,39.33333206176758,32.90208435058594,958.047119140625
2020-08-05 17:43:39.155377,40.219703674316406,39.32291793823242,32.83879089355469,958.06787109375
2020-08-05 17:43:40.201174,40.273529052734375,39.32083511352539,32.4776611328125,958.063232421875
2020-08-05 17:43:41.249468,40.327354431152344,39.327083587646484,32.4627685546875,958.0400390625
2020-08-05 17:43:42.296723,40.273529052734375,39.32083511352539,32.4404296875,958.051513671875
2020-08-05 17:43:43.340236,40.14794158935547,39.31041717529297,32.332462310791016,958.041015625
2020-08-05 17:43:44.390391,40.25558853149414,39.32291793823242,32.310123443603516,958.018798828125
2020-08-05 17:43:45.431419,40.36323547363281,39.318748474121094,32.585628509521484,958.052734375
2020-08-05 17:43:46.474571,40.14794158935547,39.318748474121094,32.27289581298828,958.055419921875
2020-08-05 17:43:47.522213,40.291473388671875,39.31666564941406,30.698062896728516,958.046630859375
2020-08-05 17:43:48.571861,40.18382263183594,39.31041717529297,32.06068420410156,958.022216796875
2020-08-05 17:43:49.623447,40.25558853149414,39.32083511352539,32.1128044128418,958.05224609375
2020-08-05 17:43:50.670266,40.1658821105957,39.32291793823242,32.593074798583984,958.0625
2020-08-05 17:43:51.718123,40.237648010253906,39.31458282470703,32.1053581237793,958.060546875
2020-08-05 17:43:52.762678,40.219703674316406,39.31041717529297,32.06813049316406,958.07373046875
2020-08-05 17:43:53.809394,40.1658821105957,39.30833435058594,32.22077178955078,958.05322265625
2020-08-05 17:43:54.850345,40.309410095214844,39.318748474121094,32.380863189697266,958.047119140625
2020-08-05 17:43:55.893197,40.20176696777344,39.30416488647461,32.328739166259766,958.08154296875
2020-08-05 17:43:56.934780,40.25558853149414,39.31666564941406,32.380863189697266,958.06103515625
2020-08-05 17:43:57.977712,40.25558853149414,39.31041717529297,32.4627685546875,958.064453125
